{"homebrew_version":"2.1.12-8-gfd9a09e","used_options":[],"unused_options":[],"built_as_bottle":true,"poured_from_bottle":true,"installed_as_dependency":false,"installed_on_request":true,"changed_files":["INSTALL_RECEIPT.json"],"time":1582606417,"source_modified_time":1566942585,"HEAD":null,"stdlib":null,"compiler":"clang","aliases":[],"runtime_dependencies":[],"source":{"path":"/usr/local/Homebrew/Library/Taps/homebrew/homebrew-core/Formula/blueutil.rb","tap":"homebrew/core","spec":"stable","versions":{"stable":"2.5.1","devel":"","head":"HEAD","version_scheme":0}}}